{"cameraMode":{"drawMode":0,"name":"Shaded","section":"Shading Mode"},"sceneLighting":false,"audioPlay":false,"sceneViewState":{"m_AlwaysRefresh":false,"showFog":true,"showSkybox":false,"showFlares":true,"showImageEffects":true,"showParticleSystems":true,"showVisualEffectGraphs":true,"m_FxEnabled":true},"in2DMode":false,"pivot":{"x":10.489999771118164,"y":14.779998779296875,"z":-11.439998626708985},"rotation":{"x":-0.37058478593826296,"y":-0.029021013528108598,"z":0.01149143185466528,"w":-0.9283274412155151},"size":29.240476608276368,"orthographic":false}