{"cameraMode":{"drawMode":0,"name":"Shaded","section":"Shading Mode"},"sceneLighting":true,"audioPlay":false,"sceneViewState":{"m_AlwaysRefresh":false,"showFog":true,"showSkybox":true,"showFlares":true,"showImageEffects":true,"showParticleSystems":true,"showVisualEffectGraphs":true,"m_FxEnabled":true},"in2DMode":false,"pivot":{"x":-0.17599858343601228,"y":0.717031717300415,"z":-0.606569766998291},"rotation":{"x":0.005298169795423746,"y":0.9829171895980835,"z":-0.18222199380397798,"w":0.027985552325844766},"size":1.4409886598587037,"orthographic":false}